{
  "format_version": "1.19.60",
  "minecraft:block": {
    "description": {
      "identifier": "be:infused_stone_slab",
      "menu_category": {
        "category": "construction"
      }
    },
    "components": {
      "minecraft:collision_box": {
				"origin": [-8, 0, -8],
				"size": [16, 8, 16]
			},
			"minecraft:selection_box": {
				"origin": [-8, 0, -8],
				"size": [16, 8, 16]
			},
      "minecraft:geometry": "geometry.block_slab",
      "minecraft:light_dampening": 15,
      "minecraft:map_color": "#2a2a2a",
      "minecraft:material_instances": {
        "*": {
          "texture": "infused_stone",
          "render_method": "opaque"
        }
      },
      "minecraft:destructible_by_mining": {
        "seconds_to_destroy": 3600000
      },
      "minecraft:destructible_by_explosion": {
        "explosion_resistance": 3600000
      }
    }
  }
}
