{
  "format_version": "1.19.60",
  "minecraft:block": {
    "description": {
      "identifier": "be:monolith_eye",
      "menu_category": {
        "category": "nature"
      }
    },
    "components": {
      "minecraft:geometry": "geometry.block_standard",
      "minecraft:light_emission": 10,
      "minecraft:map_color": "#00ddff",
      "minecraft:material_instances": {
        "*": {
          "texture": "monolith_eye",
          "render_method": "opaque"
        }
      },
      "minecraft:destructible_by_mining": {
        "seconds_to_destroy": 3600000
      },
      "minecraft:destructible_by_explosion": {
        "explosion_resistance": 3600000
      }
    }
  }
}
