{
  "format_version": "1.12.0",
  "minecraft:geometry": [
    {
      "description": {
        "identifier": "geometry.monolith_eye",
        "visible_bounds_width": 1,
        "visible_bounds_height": 1,
        "visible_bounds_offset": [0, 0.25, 0],
        "texture_width": 32,
        "texture_height": 32
      },
      "bones": [
        {
          "name": "base",
          "pivot": [0, 0, 0],
          "cubes": [
            {
              "origin": [-4, 0, -4],
              "size": [8, 8, 8],
              "uv": [0, 0]
            }
          ]
        },
        {
          "name": "glyph_orb",
          "pivot": [0, 9, 0],
          "cubes": [
            {
              "origin": [-2, 8, -2],
              "size": [4, 4, 4],
              "uv": [0, 16]
            }
          ]
        }
      ]
    }
  ]
}
