{
  "format_version": "1.20.40",
  "minecraft:npc_dialogue": {
    "scenes": [
      {
        "scene_tag": "quest.intro.fetch_apples",
        "npc_name": { "rawtext": [{ "text": "Blacksmith" }] },
        "text": {
          "rawtext": [
            { "text": "npc.fetch_apples" },
            { "text": "I need some apples to finish the smelting recipe. Can you help?" }
          ]
        },
        "buttons": [
          {
            "name": { "rawtext": [{ "text": "Sure" }] },
            "commands": ["/say Thanks!" ]
          //"commands": ["/execute as @initiator run say Thanks!"]
          //"commands": [
           // "/tag @initiator add close_dialogue_proxy"
          //]
          }
        ],
        "on_open_commands": [
          "/playsound note.harp @initiator"
        ]
      }
    ]
  }
}
